"";"names";"value"
"1";"ßTUR";0,5
"2";"ßTUR";0,6
"3";"ßTUR";0,428571428571429
"4";"ßTUR";0,428571428571429
"5";"ßTUR";0,6
"6";"ßTUR";0
"7";"ßTUR";0,285714285714286
"8";"ßTUR";0,333333333333333
"9";"ßTUR";0,666666666666667
"10";"ßTUR";0,4
"11";"ßTUR";0
"12";"ßTUR";0
"13";"ßTUR";0
"14";"ßTUR";0,333333333333333
"15";"ßTUR";0
"16";"ßTUR";0
"17";"ßTUR";0,166666666666667
"18";"ßTUR";0
"19";"ßTUR";0,333333333333333
"20";"ßTUR";0,4
"21";"ßTUR";0,25
"22";"ßTUR";0
"23";"ßTUR";0,142857142857143
"24";"ßTUR";0,333333333333333
"25";"ßTUR";0,285714285714286
"26";"ßTUR";0,4
"27";"ßTUR";0,166666666666667
"28";"ßTUR";0,25
"29";"ßTUR";0,2
"30";"ßTUR";0,666666666666667
"31";"ßTUR";0,5
"32";"ßTUR";0
"33";"ßTUR";0,4
"34";"ßTUR";0,666666666666667
"35";"ßTUR";0,2
"36";"ßTUR";0,4
"37";"ßTUR";0,142857142857143
"38";"ßTUR";0
"39";"ßTUR";0,166666666666667
"40";"ßTUR";0,333333333333333
"41";"ßTUR";0,333333333333333
"42";"ßTUR";0,333333333333333
"43";"ßTUR";0,333333333333333
"44";"ßTUR";0
"45";"ßTUR";0,333333333333333
"46";"ßTUR";0,333333333333333
"47";"ßTUR";0,428571428571429
"48";"ßTUR";0,428571428571429
"49";"ßTUR";0,428571428571429
"50";"ßTUR";0,166666666666667
"51";"ßTUR";0,3
"52";"ßTUR";0,4
"53";"ßTUR";0,4
"54";"ßTUR";0,428571428571429
"55";"ßTUR";0
"56";"ßTUR";0,142857142857143
"57";"ßTUR";0,166666666666667
"58";"ßTUR";0,333333333333333
"59";"ßTUR";0
"60";"ßTUR";0
"61";"ßTUR";0,3
"62";"ßTUR";0,125
"63";"ßTUR";0,285714285714286
"64";"ßTUR";0,5
"65";"ßTUR";0,25
"66";"ßTUR";0
"67";"ßTUR";0,2
"68";"ßTUR";0,25
"69";"ßTUR";0,666666666666667
"70";"ßTUR";0,25
"71";"ßTUR";0,333333333333333
"72";"ßTUR";0,333333333333333
"73";"ßTUR";0,375
"74";"ßTUR";0,285714285714286
"75";"ßTUR";0,3
"76";"ßTUR";0
"77";"ßTUR";0
"78";"ßTUR";0
"79";"ßTUR";0
"80";"ßTUR";0
"81";"ßTUR";0,428571428571429
"82";"ßTUR";0,111111111111111
"83";"ßTUR";0,5
"84";"ßTUR";0,666666666666667
"85";"ßTUR";0,333333333333333
"86";"ßTUR";0,285714285714286
"87";"ßTUR";0,285714285714286
"88";"ßTUR";0,333333333333333
"89";"ßTUR";0,285714285714286
"90";"ßTUR";0,5
"91";"ßTUR";0,333333333333333
"92";"ßTUR";0,333333333333333
"93";"ßTUR";0,333333333333333
"94";"ßTUR";0,25
"95";"ßTUR";0,142857142857143
"96";"ßTUR";0,142857142857143
"97";"ßTUR";0,5
"98";"ßTUR";0,285714285714286
"99";"ßTUR";0,428571428571429
"100";"ßTUR";0
"101";"ßTUR";0,25
"102";"ßTUR";0,25
"103";"ßTUR";0,5
"104";"ßTUR";0,333333333333333
"105";"ßTUR";0
"106";"ßTUR";0,333333333333333
"107";"ßTUR";0
"108";"ßTUR";0,4
"109";"ßTUR";0,333333333333333
"110";"ßTUR";0
"111";"ßTUR";0,666666666666667
"112";"ßTUR";0,285714285714286
"113";"ßTUR";0
"114";"ßTUR";0
"115";"ßTUR";0,125
"116";"ßTUR";0
"117";"ßTUR";0,6
"118";"ßTUR";0,166666666666667
"119";"ßTUR";0
"120";"ßTUR";0
"121";"ßTUR";0
"122";"ßTUR";0
"123";"ßTUR";0,285714285714286
"124";"ßTUR";0,166666666666667
"125";"ßTUR";0,2
"126";"ßTUR";0,428571428571429
"127";"ßTUR";0
"128";"ßTUR";0,285714285714286
"129";"ßTUR";0
"130";"ßTUR";0,4
"131";"ßTUR";0,333333333333333
"132";"ßTUR";0,4
"133";"ßTUR";0,142857142857143
"134";"ßTUR";0
"135";"ßTUR";0,166666666666667
"136";"ßTUR";0
"137";"ßTUR";0,25
"138";"ßTUR";0,2
"139";"ßTUR";0,333333333333333
"140";"ßTUR";0,166666666666667
"141";"ßTUR";0,2
"142";"ßTUR";0,375
"143";"ßTUR";0,4
"144";"ßTUR";0,285714285714286
"145";"ßTUR";0,333333333333333
"146";"ßTUR";0,5
"147";"ßTUR";0,375
"148";"ßTUR";0,333333333333333
"149";"ßTUR";0
"150";"ßTUR";0
"151";"ßTUR";0,2
"152";"ßTUR";0,5
"153";"ßTUR";0,6
"154";"ßTUR";0
"155";"ßTUR";0,333333333333333
"156";"ßTUR";0,166666666666667
"157";"ßTUR";0
"158";"ßTUR";0,6
"159";"ßTUR";0
"160";"ßTUR";0,25
"161";"ßTUR";0
"162";"ßTUR";0,285714285714286
"163";"ßTUR";0,333333333333333
"164";"ßTUR";0,333333333333333
"165";"ßTUR";0
"166";"ßTUR";0,333333333333333
"167";"ßTUR";0,333333333333333
"168";"ßTUR";0,142857142857143
"169";"ßTUR";0,333333333333333
"170";"ßTUR";0,166666666666667
"171";"ßTUR";0
"172";"ßTUR";0,428571428571429
"173";"ßTUR";0,666666666666667
"174";"ßTUR";0,285714285714286
"175";"ßTUR";0
"176";"ßTUR";0,333333333333333
"177";"ßTUR";0
"178";"ßTUR";0,5
"179";"ßTUR";0,428571428571429
"180";"ßTUR";0,166666666666667
"181";"ßTUR";0,333333333333333
"182";"ßTUR";0,2
"183";"ßTUR";0,375
"184";"ßTUR";0,5
"185";"ßTUR";0,333333333333333
"186";"ßTUR";0,375
"187";"ßTUR";0,333333333333333
"188";"ßTUR";0,333333333333333
"189";"ßTUR";0,25
"190";"ßTUR";0,4
"191";"ßTUR";0,333333333333333
"192";"ßTUR";0,333333333333333
"193";"ßTUR";0,333333333333333
"194";"ßTUR";0,166666666666667
"195";"ßTUR";0
"196";"ßTUR";0
"197";"ßTUR";0,333333333333333
"198";"ßTUR";0
"199";"ßTUR";0,4
"200";"ßTUR";0,5
"201";"ßTUR";0,6
"202";"ßTUR";0
"203";"ßTUR";0,666666666666667
"204";"ßTUR";0,25
"205";"ßTUR";0,166666666666667
"206";"ßTUR";0,4
"207";"ßTUR";0,25
"208";"ßTUR";0,4
"209";"ßTUR";0,2
"210";"ßTUR";0,666666666666667
"211";"ßTUR";0,333333333333333
"212";"ßTUR";0,333333333333333
"213";"ßTUR";0,142857142857143
"214";"ßTUR";0,4
"215";"ßTUR";0,333333333333333
"216";"ßTUR";0,666666666666667
"217";"ßTUR";0,5
"218";"ßTUR";0,25
"219";"ßTUR";0,166666666666667
"220";"ßTUR";0,111111111111111
"221";"ßTUR";0,2
"222";"ßTUR";0,2
"223";"ßTUR";0,666666666666667
"224";"ßTUR";0,333333333333333
"225";"ßTUR";0
"226";"ßTUR";0
"227";"ßTUR";0,166666666666667
"228";"ßTUR";0
"229";"ßTUR";0,25
"230";"ßTUR";0
"231";"ßTUR";0
"232";"ßTUR";0,166666666666667
"233";"ßTUR";0
"234";"ßTUR";0,25
"235";"ßTUR";0,333333333333333
"236";"ßTUR";0
"237";"ßTUR";0,142857142857143
"238";"ßTUR";0,142857142857143
"239";"ßTUR";0
"240";"ßTUR";0,285714285714286
"241";"ßTUR";0,333333333333333
"242";"ßTUR";0,3
"243";"ßTUR";0,25
"244";"ßTUR";0,142857142857143
"245";"ßTUR";0,25
"246";"ßTUR";0,666666666666667
"247";"ßTUR";0
"248";"ßTUR";0
"249";"ßTUR";0,166666666666667
"250";"ßTUR";0,111111111111111
"251";"ßTUR";0,2
"252";"ßTUR";0
"253";"ßTUR";0
"254";"ßTUR";0
"255";"ßTUR";0
"256";"ßTUR";0,333333333333333
"257";"ßTUR";0,166666666666667
"258";"ßTUR";0,5
"259";"ßTUR";0,166666666666667
"260";"ßTUR";0,5
"261";"ßTUR";0
"262";"ßTUR";0
"263";"ßTUR";0,222222222222222
"264";"ßTUR";0,166666666666667
"265";"ßTUR";0
"266";"ßTUR";0,4
"267";"ßTUR";0,25
"268";"ßTUR";0,25
"269";"ßTUR";0,2
"270";"ßTUR";0,428571428571429
"271";"ßTUR";0,333333333333333
"272";"ßTUR";0,333333333333333
"273";"ßTUR";0
"274";"ßTUR";0,333333333333333
"275";"ßTUR";0,25
"276";"ßTUR";0,5
"277";"ßTUR";0
"278";"ßTUR";0,285714285714286
"279";"ßTUR";0,333333333333333
"280";"ßTUR";0
"281";"ßTUR";0,4
"282";"ßTUR";0,333333333333333
"283";"ßTUR";0,333333333333333
"284";"ßTUR";0
"285";"ßTUR";0
"286";"ßTUR";0
"287";"ßTUR";0
"288";"ßTUR";0,166666666666667
"289";"ßTUR";0,375
"290";"ßTUR";0,25
"291";"ßTUR";0,166666666666667
"292";"ßTUR";0,166666666666667
"293";"ßTUR";0,333333333333333
"294";"ßTUR";0,166666666666667
"295";"ßTUR";0,5
"296";"ßTUR";0,333333333333333
"297";"ßTUR";0,4
"298";"ßTUR";0,6
"299";"ßTUR";0,25
"300";"ßTUR";0,25
"301";"ßTUR";0,25
"302";"ßTUR";0
"303";"ßTUR";0,4
"304";"ßTUR";0,25
"305";"ßTUR";0,5
"306";"ßTUR";0,166666666666667
"307";"ßTUR";0
"308";"ßTUR";0,25
"309";"ßTUR";0
"310";"ßTUR";0
"311";"ßTUR";0,111111111111111
"312";"ßTUR";0,333333333333333
"313";"ßTUR";0
"314";"ßTUR";0,6
"315";"ßTUR";0,2
"316";"ßTUR";0,5
"317";"ßTUR";0
"318";"ßTUR";0,333333333333333
"319";"ßTUR";0,428571428571429
"320";"ßTUR";0,285714285714286
"321";"ßTUR";0,125
"322";"ßTUR";0,5
"323";"ßTUR";0,2
"324";"ßTUR";0,666666666666667
"325";"ßTUR";0
"326";"ßTUR";0,3
"327";"ßTUR";0
"328";"ßTUR";0
"329";"ßTUR";0,333333333333333
"330";"ßTUR";0,375
"331";"ßTUR";0,333333333333333
"332";"ßTUR";0,2
"333";"ßTUR";0,666666666666667
"334";"ßTUR";0
"335";"ßTUR";0,666666666666667
"336";"ßTUR";0,4
"337";"ßTUR";0,125
"338";"ßTUR";0,5
"339";"ßTUR";0,333333333333333
"340";"ßTUR";0,333333333333333
"341";"ßTUR";0
"342";"ßTUR";0
"343";"ßTUR";0,2
"344";"ßTUR";0,666666666666667
"345";"ßTUR";0,428571428571429
"346";"ßTUR";0,333333333333333
"347";"ßTUR";0,166666666666667
"348";"ßTUR";0,166666666666667
"349";"ßTUR";0,333333333333333
"350";"ßTUR";0,4
"351";"ßTUR";0
"352";"ßTUR";0,375
"353";"ßTUR";0,333333333333333
"354";"ßTUR";0
"355";"ßTUR";0,428571428571429
"356";"ßTUR";0
"357";"ßTUR";0,166666666666667
"358";"ßTUR";0,285714285714286
"359";"ßTUR";0,142857142857143
"360";"ßTUR";0
"361";"ßTUR";0
"362";"ßTUR";0,4
"363";"ßTUR";0,166666666666667
"364";"ßTUR";0,4
"365";"ßTUR";0,5
"366";"ßTUR";0,166666666666667
"367";"ßTUR";0,6
"368";"ßTUR";0
"369";"ßTUR";0,111111111111111
"370";"ßTUR";0,5
"371";"ßTUR";0
"372";"ßTUR";0,5
"373";"ßTUR";0,4
"374";"ßTUR";0,666666666666667
"375";"ßTUR";0,3
"376";"ßTUR";0,25
"377";"ßTUR";0
"378";"ßTUR";0,333333333333333
"379";"ßTUR";0,25
"380";"ßTUR";0,333333333333333
"381";"ßTUR";0
"382";"ßTUR";0
"383";"ßTUR";0,166666666666667
"384";"ßTUR";0
"385";"ßTUR";0,6
"386";"ßTUR";0,166666666666667
"387";"ßTUR";0,25
"388";"ßTUR";0,4
"389";"ßTUR";0
"390";"ßTUR";0,4
"391";"ßTUR";0,4
"392";"ßTUR";0,166666666666667
"393";"ßTUR";0,2
"394";"ßTUR";0,375
"395";"ßTUR";0,333333333333333
"396";"ßTUR";0,25
"397";"ßTUR";0
"398";"ßTUR";0,333333333333333
"399";"ßTUR";0,2
"400";"ßTUR";0,5
"401";"ßTUR";0,142857142857143
"402";"ßTUR";0
"403";"ßTUR";0,375
"404";"ßTUR";0,285714285714286
"405";"ßTUR";0,428571428571429
"406";"ßTUR";0,4
"407";"ßTUR";0
"408";"ßTUR";0
"409";"ßTUR";0,25
"410";"ßTUR";0,2
"411";"ßTUR";0,2
"412";"ßTUR";0,166666666666667
"413";"ßTUR";0,375
"414";"ßTUR";0,25
"415";"ßTUR";0
"416";"ßTUR";0,166666666666667
"417";"ßTUR";0,285714285714286
"418";"ßTUR";0,666666666666667
"419";"ßTUR";0,5
"420";"ßTUR";0,333333333333333
"421";"ßTUR";0
"422";"ßTUR";0,333333333333333
"423";"ßTUR";0,142857142857143
"424";"ßTUR";0,25
"425";"ßTUR";0,2
"426";"ßTUR";0,3
"427";"ßTUR";0,333333333333333
"428";"ßTUR";0
"429";"ßTUR";0,125
"430";"ßTUR";0,285714285714286
"431";"ßTUR";0,666666666666667
"432";"ßTUR";0
"433";"ßTUR";0
"434";"ßTUR";0,125
"435";"ßTUR";0
"436";"ßTUR";0,333333333333333
"437";"ßTUR";0,333333333333333
"438";"ßTUR";0,5
"439";"ßTUR";0,2
"440";"ßTUR";0,428571428571429
"441";"ßTUR";0,2
"442";"ßTUR";0,25
"443";"ßTUR";0,333333333333333
"444";"ßTUR";0,142857142857143
"445";"ßTUR";0,4
"446";"ßTUR";0
"447";"ßTUR";0,166666666666667
"448";"ßTUR";0,285714285714286
"449";"ßTUR";0
"450";"ßTUR";0
"451";"ßTUR";0
"452";"ßTUR";0,285714285714286
"453";"ßTUR";0,4
"454";"ßTUR";0,333333333333333
"455";"ßTUR";0,428571428571429
"456";"ßTUR";0
"457";"ßTUR";0
"458";"ßTUR";0,333333333333333
"459";"ßTUR";0,4
"460";"ßTUR";0
"461";"ßTUR";0
"462";"ßTUR";0,25
"463";"ßTUR";0,333333333333333
"464";"ßTUR";0
"465";"ßTUR";0,25
"466";"ßTUR";0,4
"467";"ßTUR";0
"468";"ßTUR";0,333333333333333
"469";"ßTUR";0
"470";"ßTUR";0,666666666666667
"471";"ßTUR";0,428571428571429
"472";"ßTUR";0
"473";"ßTUR";0,666666666666667
"474";"ßTUR";0,333333333333333
"475";"ßTUR";0,4
"476";"ßTUR";0,333333333333333
"477";"ßTUR";0
"478";"ßTUR";0,666666666666667
"479";"ßTUR";0
"480";"ßTUR";0,285714285714286
"481";"ßTUR";0
"482";"ßTUR";0,111111111111111
"483";"ßTUR";0,333333333333333
"484";"ßTUR";0,333333333333333
"485";"ßTUR";0,142857142857143
"486";"ßTUR";0,333333333333333
"487";"ßTUR";0,125
"488";"ßTUR";0,333333333333333
"489";"ßTUR";0,428571428571429
"490";"ßTUR";0,142857142857143
"491";"ßTUR";0,5
"492";"ßTUR";0
"493";"ßTUR";0
"494";"ßTUR";0,285714285714286
"495";"ßTUR";0,333333333333333
"496";"ßTUR";0,5
"497";"ßTUR";0
"498";"ßTUR";0
"499";"ßTUR";0,666666666666667
"500";"ßTUR";0
"501";"ßTUR";0,333333333333333
"502";"ßTUR";0,6
"503";"ßTUR";0,333333333333333
"504";"ßTUR";0,25
"505";"ßTUR";0,25
"506";"ßTUR";0
"507";"ßTUR";0,333333333333333
"508";"ßTUR";0,125
"509";"ßTUR";0,5
"510";"ßTUR";0
"511";"ßTUR";0,333333333333333
"512";"ßTUR";0,25
"513";"ßTUR";0
"514";"ßTUR";0,5
"515";"ßTUR";0,142857142857143
"516";"ßTUR";0,166666666666667
"517";"ßTUR";0,25
"518";"ßTUR";0,4
"519";"ßTUR";0
"520";"ßTUR";0,333333333333333
"521";"ßTUR";0
"522";"ßTUR";0
"523";"ßTUR";0,333333333333333
"524";"ßTUR";0,4
"525";"ßTUR";0,333333333333333
"526";"ßTUR";0,375
"527";"ßTUR";0,4
"528";"ßTUR";0
"529";"ßTUR";0
"530";"ßTUR";0,5
"531";"ßTUR";0
"532";"ßTUR";0
"533";"ßTUR";0
"534";"ßTUR";0,5
"535";"ßTUR";0,25
"536";"ßTUR";0
"537";"ßTUR";0,5
"538";"ßTUR";0
"539";"ßTUR";0,142857142857143
"540";"ßTUR";0,5
"541";"ßTUR";0,222222222222222
"542";"ßTUR";0,142857142857143
"543";"ßTUR";0,333333333333333
"544";"ßTUR";0,666666666666667
"545";"ßTUR";0,25
"546";"ßTUR";0
"547";"ßTUR";0,333333333333333
"548";"ßTUR";0,2
"549";"ßTUR";0
"550";"ßTUR";0
"551";"ßTUR";0,333333333333333
"552";"ßTUR";0,6
"553";"ßTUR";0
"554";"ßTUR";0
"555";"ßTUR";0,142857142857143
"556";"ßTUR";0,125
"557";"ßTUR";0
"558";"ßTUR";0
"559";"ßTUR";0,166666666666667
"560";"ßTUR";0
"561";"ßTUR";0
"562";"ßTUR";0,166666666666667
"563";"ßTUR";0,142857142857143
"564";"ßTUR";0
"565";"ßTUR";0,5
"566";"ßTUR";0,333333333333333
"567";"ßTUR";0,2
"568";"ßTUR";0,285714285714286
"569";"ßTUR";0,666666666666667
"570";"ßTUR";0,2
"571";"ßTUR";0
"572";"ßTUR";0
"573";"ßTUR";0,333333333333333
"574";"ßTUR";0,142857142857143
"575";"ßTUR";0,166666666666667
"576";"ßTUR";0,166666666666667
"577";"ßTUR";0,4
"578";"ßTUR";0
"579";"ßTUR";0,125
"580";"ßTUR";0,25
"581";"ßTUR";0,111111111111111
"582";"ßTUR";0
"583";"ßTUR";0,4
"584";"ßTUR";0,5
"585";"ßTUR";0,6
"586";"ßTUR";0,666666666666667
"587";"ßTUR";0,333333333333333
"588";"ßTUR";0,428571428571429
"589";"ßTUR";0,142857142857143
"590";"ßTUR";0,333333333333333
"591";"ßTUR";0,2
"592";"ßTUR";0,333333333333333
"593";"ßTUR";0
"594";"ßTUR";0,2
"595";"ßTUR";0,75
"596";"ßTUR";0
"597";"ßTUR";0,111111111111111
"598";"ßTUR";0,166666666666667
"599";"ßTUR";0,333333333333333
"600";"ßTUR";0,333333333333333
"601";"ßTUR";0
"602";"ßTUR";0
"603";"ßTUR";0,166666666666667
"604";"ßTUR";0,25
"605";"ßTUR";0
"606";"ßTUR";0,285714285714286
"607";"ßTUR";0
"608";"ßTUR";0,333333333333333
"609";"ßTUR";0,333333333333333
"610";"ßTUR";0,222222222222222
"611";"ßTUR";0
"612";"ßTUR";0,428571428571429
"613";"ßTUR";0,222222222222222
"614";"ßTUR";0,25
"615";"ßTUR";0,25
"616";"ßTUR";0
"617";"ßTUR";0
"618";"ßTUR";0
"619";"ßTUR";0,4
"620";"ßTUR";0,333333333333333
"621";"ßTUR";0,333333333333333
"622";"ßTUR";0,4
"623";"ßTUR";0,666666666666667
"624";"ßTUR";0
"625";"ßTUR";0
"626";"ßTUR";0,111111111111111
"627";"ßTUR";0,666666666666667
"628";"ßTUR";0,666666666666667
"629";"ßTUR";0,166666666666667
"630";"ßTUR";0,25
"631";"ßTUR";0,333333333333333
"632";"ßTUR";0,333333333333333
"633";"ßTUR";0,333333333333333
"634";"ßTUR";0,25
"635";"ßTUR";0,166666666666667
"636";"ßTUR";0
"637";"ßTUR";0,2
"638";"ßTUR";0,4
"639";"ßTUR";0,333333333333333
"640";"ßTUR";0,333333333333333
"641";"ßTUR";0
"642";"ßTUR";0,25
"643";"ßTUR";0,4
"644";"ßTUR";0,5
"645";"ßTUR";0
"646";"ßTUR";0,25
"647";"ßTUR";0,25
"648";"ßTUR";0,333333333333333
"649";"ßTUR";0
"650";"ßTUR";0,25
"651";"ßTUR";0
"652";"ßTUR";0,75
"653";"ßTUR";0
"654";"ßTUR";0
"655";"ßTUR";0,2
"656";"ßTUR";0,333333333333333
"657";"ßTUR";0,333333333333333
"658";"ßTUR";0
"659";"ßTUR";0,2
"660";"ßTUR";0,333333333333333
"661";"ßTUR";0,666666666666667
"662";"ßTUR";0,166666666666667
"663";"ßTUR";0
"664";"ßTUR";0
"665";"ßTUR";0
"666";"ßTUR";0
"667";"ßTUR";0,5
"668";"ßTUR";0
"669";"ßTUR";0,2
"670";"ßTUR";0,333333333333333
"671";"ßTUR";0,2
"672";"ßTUR";0
"673";"ßTUR";0
"674";"ßTUR";0,285714285714286
"675";"ßTUR";0,5
"676";"ßTUR";0,5
"677";"ßTUR";0,142857142857143
"678";"ßTUR";0,2
"679";"ßTUR";0,25
"680";"ßTUR";0,4
"681";"ßTUR";0,25
"682";"ßTUR";0,428571428571429
"683";"ßTUR";0,166666666666667
"684";"ßTUR";0,666666666666667
"685";"ßTUR";0,6
"686";"ßTUR";0,428571428571429
"687";"ßTUR";0,142857142857143
"688";"ßTUR";0,125
"689";"ßTUR";0,2
"690";"ßTUR";0
"691";"ßTUR";0
"692";"ßTUR";0
"693";"ßTUR";0,111111111111111
"694";"ßTUR";0,2
"695";"ßTUR";0,125
"696";"ßTUR";0,375
"697";"ßTUR";0,111111111111111
"698";"ßTUR";0
"699";"ßTUR";0,666666666666667
"700";"ßTUR";0,666666666666667
"701";"ßTUR";0,333333333333333
"702";"ßTUR";0,375
"703";"ßTUR";0,4
"704";"ßTUR";0,333333333333333
"705";"ßTUR";0,166666666666667
"706";"ßTUR";0,5
"707";"ßTUR";0,4
"708";"ßTUR";0,142857142857143
"709";"ßTUR";0,166666666666667
"710";"ßTUR";0,25
"711";"ßTUR";0
"712";"ßTUR";0,4
"713";"ßTUR";0,333333333333333
"714";"ßTUR";0,428571428571429
"715";"ßTUR";0,428571428571429
"716";"ßTUR";0,3
"717";"ßTUR";0,25
"718";"ßTUR";0
"719";"ßTUR";0,125
"720";"ßTUR";0,166666666666667
"721";"ßTUR";0,142857142857143
"722";"ßTUR";0,333333333333333
"723";"ßTUR";0,25
"724";"ßTUR";0,25
"725";"ßTUR";0,25
"726";"ßTUR";0
"727";"ßTUR";0,333333333333333
"728";"ßTUR";0
"729";"ßTUR";0,125
"730";"ßTUR";0
"731";"ßTUR";0,25
"732";"ßTUR";0,2
"733";"ßTUR";0,5
"734";"ßTUR";0,25
"735";"ßTUR";0,666666666666667
"736";"ßTUR";0
"737";"ßTUR";0
"738";"ßTUR";0
"739";"ßTUR";0,166666666666667
"740";"ßTUR";0,142857142857143
"741";"ßTUR";0
"742";"ßTUR";0,166666666666667
"743";"ßTUR";0,333333333333333
"744";"ßTUR";0,25
"745";"ßTUR";0,5
"746";"ßTUR";0,4
"747";"ßTUR";0
"748";"ßTUR";0,333333333333333
"749";"ßTUR";0,75
"750";"ßTUR";0
"751";"ßTUR";0
"752";"ßTUR";0
"753";"ßTUR";0,75
"754";"ßTUR";0,666666666666667
"755";"ßTUR";0
"756";"ßTUR";0,5
"757";"ßTUR";0,333333333333333
"758";"ßTUR";0,333333333333333
"759";"ßTUR";0,285714285714286
"760";"ßTUR";0
"761";"ßTUR";0,6
"762";"ßTUR";0,285714285714286
"763";"ßTUR";0,285714285714286
"764";"ßTUR";0,333333333333333
"765";"ßTUR";0
"766";"ßTUR";0,428571428571429
"767";"ßTUR";0,2
"768";"ßTUR";0,2
"769";"ßTUR";0,25
"770";"ßTUR";0,25
"771";"ßTUR";0,25
"772";"ßTUR";0
"773";"ßTUR";0,2
"774";"ßTUR";0
"775";"ßTUR";0,375
"776";"ßTUR";0,166666666666667
"777";"ßTUR";0,2
"778";"ßTUR";0,333333333333333
"779";"ßTUR";0,142857142857143
"780";"ßTUR";0,25
"781";"ßTUR";0,333333333333333
"782";"ßTUR";0,166666666666667
"783";"ßTUR";0,125
"784";"ßTUR";0,333333333333333
"785";"ßTUR";0,2
"786";"ßTUR";0
"787";"ßTUR";0,2
"788";"ßTUR";0,285714285714286
"789";"ßTUR";0
"790";"ßTUR";0,333333333333333
"791";"ßTUR";0,2
"792";"ßTUR";0,142857142857143
"793";"ßTUR";0,333333333333333
"794";"ßTUR";0,333333333333333
"795";"ßTUR";0,5
"796";"ßTUR";0
"797";"ßTUR";0,333333333333333
"798";"ßTUR";0
"799";"ßTUR";0,6
"800";"ßTUR";0,25
"801";"ßTUR";0,333333333333333
"802";"ßTUR";0,5
"803";"ßTUR";0,25
"804";"ßTUR";0,333333333333333
"805";"ßTUR";0
"806";"ßTUR";0,6
"807";"ßTUR";0,2
"808";"ßTUR";0,25
"809";"ßTUR";0,375
"810";"ßTUR";0,166666666666667
"811";"ßTUR";0,428571428571429
"812";"ßTUR";0
"813";"ßTUR";0,25
"814";"ßTUR";0
"815";"ßTUR";0,142857142857143
"816";"ßTUR";0,4
"817";"ßTUR";0,666666666666667
"818";"ßTUR";0,5
"819";"ßTUR";0,5
"820";"ßTUR";0
"821";"ßTUR";0,333333333333333
"822";"ßTUR";0
"823";"ßTUR";0,333333333333333
"824";"ßTUR";0,25
"825";"ßTUR";0,5
"826";"ßTUR";0,5
"827";"ßTUR";0,4
"828";"ßTUR";0,25
"829";"ßTUR";0,142857142857143
"830";"ßTUR";0
"831";"ßTUR";0,166666666666667
"832";"ßTUR";0
"833";"ßTUR";0,125
"834";"ßTUR";0,333333333333333
"835";"ßTUR";0,142857142857143
"836";"ßTUR";0,25
"837";"ßTUR";0,166666666666667
"838";"ßTUR";0,333333333333333
"839";"ßTUR";0,666666666666667
"840";"ßTUR";0,333333333333333
"841";"ßTUR";0,142857142857143
"842";"ßTUR";0
"843";"ßTUR";0,428571428571429
"844";"ßTUR";0,333333333333333
"845";"ßTUR";0,4
"846";"ßTUR";0,222222222222222
"847";"ßTUR";0,4
"848";"ßTUR";0,166666666666667
"849";"ßTUR";0,166666666666667
"850";"ßTUR";0,333333333333333
"851";"ßTUR";0,333333333333333
"852";"ßTUR";0,5
"853";"ßTUR";0
"854";"ßTUR";0
"855";"ßTUR";0,25
"856";"ßTUR";0,4
"857";"ßTUR";0,428571428571429
"858";"ßTUR";0,666666666666667
"859";"ßTUR";0,285714285714286
"860";"ßTUR";0,4
"861";"ßTUR";0,5
"862";"ßTUR";0,3
"863";"ßTUR";0,5
"864";"ßTUR";0,125
"865";"ßTUR";0
"866";"ßTUR";0,4
"867";"ßTUR";0
"868";"ßTUR";0
"869";"ßTUR";0,25
"870";"ßTUR";0,285714285714286
"871";"ßTUR";0,142857142857143
"872";"ßTUR";0
"873";"ßTUR";0,666666666666667
"874";"ßTUR";0,5
"875";"ßTUR";0,333333333333333
"876";"ßTUR";0,333333333333333
"877";"ßTUR";0
"878";"ßTUR";0,285714285714286
"879";"ßTUR";0,5
"880";"ßTUR";0,333333333333333
"881";"ßTUR";0
"882";"ßTUR";0,5
"883";"ßTUR";0,2
"884";"ßTUR";0,666666666666667
"885";"ßTUR";0,333333333333333
"886";"ßTUR";0,333333333333333
"887";"ßTUR";0,333333333333333
"888";"ßTUR";0,3
"889";"ßTUR";0,4
"890";"ßTUR";0,142857142857143
"891";"ßTUR";0,166666666666667
"892";"ßTUR";0,2
"893";"ßTUR";0
"894";"ßTUR";0,428571428571429
"895";"ßTUR";0,5
"896";"ßTUR";0,5
"897";"ßTUR";0
"898";"ßTUR";0
"899";"ßTUR";0,428571428571429
"900";"ßTUR";0,111111111111111
"901";"ßTUR";0
"902";"ßTUR";0,166666666666667
"903";"ßTUR";0,333333333333333
"904";"ßTUR";0
"905";"ßTUR";0,333333333333333
"906";"ßTUR";0,2
"907";"ßTUR";0,3
"908";"ßTUR";0,25
"909";"ßTUR";0
"910";"ßTUR";0,25
"911";"ßTUR";0,166666666666667
"912";"ßTUR";0,142857142857143
"913";"ßTUR";0,333333333333333
"914";"ßTUR";0,333333333333333
"915";"ßTUR";0,125
"916";"ßTUR";0,333333333333333
"917";"ßTUR";0
"918";"ßTUR";0,166666666666667
"919";"ßTUR";0
"920";"ßTUR";0
"921";"ßTUR";0,333333333333333
"922";"ßTUR";0,333333333333333
"923";"ßTUR";0,2
"924";"ßTUR";0,5
"925";"ßTUR";0,333333333333333
"926";"ßTUR";0,6
"927";"ßTUR";0,5
"928";"ßTUR";0,25
"929";"ßTUR";0,333333333333333
"930";"ßTUR";0,333333333333333
"931";"ßTUR";0,166666666666667
"932";"ßTUR";0,5
"933";"ßTUR";0,4
"934";"ßTUR";0,333333333333333
"935";"ßTUR";0
"936";"ßTUR";0
"937";"ßTUR";0,5
"938";"ßTUR";0,142857142857143
"939";"ßTUR";0
"940";"ßTUR";0,25
"941";"ßTUR";0,4
"942";"ßTUR";0,428571428571429
"943";"ßTUR";0,6
"944";"ßTUR";0,4
"945";"ßTUR";0,4
"946";"ßTUR";0
"947";"ßTUR";0,333333333333333
"948";"ßTUR";0
"949";"ßTUR";0,333333333333333
"950";"ßTUR";0,166666666666667
"951";"ßTUR";0,25
"952";"ßTUR";0,4
"953";"ßTUR";0
"954";"ßTUR";0,142857142857143
"955";"ßTUR";0,166666666666667
"956";"ßTUR";0,4
"957";"ßTUR";0,111111111111111
"958";"ßTUR";0,5
"959";"ßTUR";0
"960";"ßTUR";0
"961";"ßTUR";0,333333333333333
"962";"ßTUR";0,2
"963";"ßTUR";0,166666666666667
"964";"ßTUR";0
"965";"ßTUR";0
"966";"ßTUR";0,285714285714286
"967";"ßTUR";0
"968";"ßTUR";0,333333333333333
"969";"ßTUR";0
"970";"ßTUR";0
"971";"ßTUR";0,2
"972";"ßTUR";0
"973";"ßTUR";0,25
"974";"ßTUR";0,25
"975";"ßTUR";0,285714285714286
"976";"ßTUR";0,375
"977";"ßTUR";0,5
"978";"ßTUR";0
"979";"ßTUR";0,5
"980";"ßTUR";0,4
"981";"ßTUR";0,5
"982";"ßTUR";0,333333333333333
"983";"ßTUR";0
"984";"ßTUR";0,333333333333333
"985";"ßTUR";0
"986";"ßTUR";0,333333333333333
"987";"ßTUR";0
"988";"ßTUR";0
"989";"ßTUR";0,333333333333333
"990";"ßTUR";0,333333333333333
"991";"ßTUR";0,5
"992";"ßTUR";0,333333333333333
"993";"ßTUR";0
"994";"ßTUR";0,25
"995";"ßTUR";0
"996";"ßTUR";0,5
"997";"ßTUR";0,25
"998";"ßTUR";0,666666666666667
"999";"ßTUR";0,222222222222222
"1000";"ßTUR";0
"1001";"ßNES";0
"1002";"ßNES";0,0363636363636364
"1003";"ßNES";0
"1004";"ßNES";0,0380952380952381
"1005";"ßNES";0,0363636363636364
"1006";"ßNES";0,272727272727273
"1007";"ßNES";0,0476190476190476
"1008";"ßNES";0,166666666666667
"1009";"ßNES";0,179487179487179
"1010";"ßNES";0,1
"1011";"ßNES";0,0769230769230769
"1012";"ßNES";0,4
"1013";"ßNES";0,333333333333333
"1014";"ßNES";0,0512820512820513
"1015";"ßNES";0,166666666666667
"1016";"ßNES";0,272727272727273
"1017";"ßNES";0,166666666666667
"1018";"ßNES";0,333333333333333
"1019";"ßNES";0,303030303030303
"1020";"ßNES";0,0545454545454545
"1021";"ßNES";0,0441176470588235
"1022";"ßNES";0,333333333333333
"1023";"ßNES";0,225563909774436
"1024";"ßNES";0,0512820512820513
"1025";"ßNES";0,0476190476190476
"1026";"ßNES";0
"1027";"ßNES";0,208333333333333
"1028";"ßNES";0,0833333333333333
"1029";"ßNES";0,133333333333333
"1030";"ßNES";0
"1031";"ßNES";0,0384615384615385
"1032";"ßNES";0,454545454545455
"1033";"ßNES";0,0545454545454545
"1034";"ßNES";0,133333333333333
"1035";"ßNES";0,184615384615385
"1036";"ßNES";0,1
"1037";"ßNES";0,225563909774436
"1038";"ßNES";0,0909090909090909
"1039";"ßNES";0,208333333333333
"1040";"ßNES";0,133333333333333
"1041";"ßNES";0,0952380952380952
"1042";"ßNES";0,0512820512820513
"1043";"ßNES";0,0512820512820513
"1044";"ßNES";0,0434782608695652
"1045";"ßNES";0,303030303030303
"1046";"ßNES";0
"1047";"ßNES";0,100840336134454
"1048";"ßNES";0,0714285714285714
"1049";"ßNES";0,0714285714285714
"1050";"ßNES";0,208333333333333
"1051";"ßNES";0
"1052";"ßNES";0,0545454545454545
"1053";"ßNES";0,1
"1054";"ßNES";0
"1055";"ßNES";0,571428571428571
"1056";"ßNES";0,19047619047619
"1057";"ßNES";0,208333333333333
"1058";"ßNES";0,266666666666667
"1059";"ßNES";0,333333333333333
"1060";"ßNES";0,384615384615385
"1061";"ßNES";0
"1062";"ßNES";0,0514705882352941
"1063";"ßNES";0
"1064";"ßNES";0,1
"1065";"ßNES";0,25
"1066";"ßNES";0,263157894736842
"1067";"ßNES";0,0380952380952381
"1068";"ßNES";0,204545454545455
"1069";"ßNES";0,0476190476190476
"1070";"ßNES";0
"1071";"ßNES";0,166666666666667
"1072";"ßNES";0,0512820512820513
"1073";"ßNES";0
"1074";"ßNES";0,126050420168067
"1075";"ßNES";0,0333333333333333
"1076";"ßNES";0,538461538461538
"1077";"ßNES";0,5
"1078";"ßNES";0,538461538461538
"1079";"ßNES";0,454545454545455
"1080";"ßNES";0,333333333333333
"1081";"ßNES";0,100840336134454
"1082";"ßNES";0,0888888888888889
"1083";"ßNES";0,1
"1084";"ßNES";0,111111111111111
"1085";"ßNES";0
"1086";"ßNES";0,126050420168067
"1087";"ßNES";0,126050420168067
"1088";"ßNES";0,133333333333333
"1089";"ßNES";0,0476190476190476
"1090";"ßNES";0,0384615384615385
"1091";"ßNES";0,0512820512820513
"1092";"ßNES";0
"1093";"ßNES";0,222222222222222
"1094";"ßNES";0,0441176470588235
"1095";"ßNES";0,225563909774436
"1096";"ßNES";0
"1097";"ßNES";0,214285714285714
"1098";"ßNES";0,0476190476190476
"1099";"ßNES";0
"1100";"ßNES";0,571428571428571
"1101";"ßNES";0,25
"1102";"ßNES";0,15
"1103";"ßNES";0,0384615384615385
"1104";"ßNES";0,133333333333333
"1105";"ßNES";0,272727272727273
"1106";"ßNES";0
"1107";"ßNES";0,411764705882353
"1108";"ßNES";0,0545454545454545
"1109";"ßNES";0,0952380952380952
"1110";"ßNES";0,294117647058824
"1111";"ßNES";0,111111111111111
"1112";"ßNES";0,0476190476190476
"1113";"ßNES";0,4
"1114";"ßNES";0,333333333333333
"1115";"ßNES";0,175
"1116";"ßNES";0,285714285714286
"1117";"ßNES";0,0363636363636364
"1118";"ßNES";0,208333333333333
"1119";"ßNES";0,4
"1120";"ßNES";0,333333333333333
"1121";"ßNES";0,466666666666667
"1122";"ßNES";0,333333333333333
"1123";"ßNES";0,0476190476190476
"1124";"ßNES";0,277777777777778
"1125";"ßNES";0
"1126";"ßNES";0,0380952380952381
"1127";"ßNES";0,333333333333333
"1128";"ßNES";0,0476190476190476
"1129";"ßNES";0,538461538461538
"1130";"ßNES";0,138461538461538
"1131";"ßNES";0,358974358974359
"1132";"ßNES";0
"1133";"ßNES";0,151260504201681
"1134";"ßNES";0,411764705882353
"1135";"ßNES";0,0641025641025641
"1136";"ßNES";0,4
"1137";"ßNES";0,15
"1138";"ßNES";0,0380952380952381
"1139";"ßNES";0,266666666666667
"1140";"ßNES";0,119047619047619
"1141";"ßNES";0
"1142";"ßNES";0,0694444444444444
"1143";"ßNES";0,0545454545454545
"1144";"ßNES";0,126050420168067
"1145";"ßNES";0,0952380952380952
"1146";"ßNES";0,136363636363636
"1147";"ßNES";0,0367647058823529
"1148";"ßNES";0,222222222222222
"1149";"ßNES";0,466666666666667
"1150";"ßNES";0,333333333333333
"1151";"ßNES";0,133333333333333
"1152";"ßNES";0,0384615384615385
"1153";"ßNES";0,0363636363636364
"1154";"ßNES";0,5
"1155";"ßNES";0
"1156";"ßNES";0,166666666666667
"1157";"ßNES";0,2
"1158";"ßNES";0,0363636363636364
"1159";"ßNES";0,111111111111111
"1160";"ßNES";0,0441176470588235
"1161";"ßNES";0,111111111111111
"1162";"ßNES";0,0476190476190476
"1163";"ßNES";0,166666666666667
"1164";"ßNES";0,0952380952380952
"1165";"ßNES";0,0434782608695652
"1166";"ßNES";0,166666666666667
"1167";"ßNES";0,133333333333333
"1168";"ßNES";0,151260504201681
"1169";"ßNES";0,166666666666667
"1170";"ßNES";0,208333333333333
"1171";"ßNES";0,6
"1172";"ßNES";0,0380952380952381
"1173";"ßNES";0,111111111111111
"1174";"ßNES";0,0892857142857143
"1175";"ßNES";0,411764705882353
"1176";"ßNES";0,358974358974359
"1177";"ßNES";0,333333333333333
"1178";"ßNES";0,1
"1179";"ßNES";0,0380952380952381
"1180";"ßNES";0,0641025641025641
"1181";"ßNES";0,266666666666667
"1182";"ßNES";0,266666666666667
"1183";"ßNES";0,0694444444444444
"1184";"ßNES";0,125
"1185";"ßNES";0,0952380952380952
"1186";"ßNES";0,0694444444444444
"1187";"ßNES";0,358974358974359
"1188";"ßNES";0,0952380952380952
"1189";"ßNES";0,321428571428571
"1190";"ßNES";0,0545454545454545
"1191";"ßNES";0,0952380952380952
"1192";"ßNES";0,303030303030303
"1193";"ßNES";0,0952380952380952
"1194";"ßNES";0,277777777777778
"1195";"ßNES";0,5
"1196";"ßNES";0,428571428571429
"1197";"ßNES";0,358974358974359
"1198";"ßNES";0,571428571428571
"1199";"ßNES";0,0545454545454545
"1200";"ßNES";0,0384615384615385
"1201";"ßNES";0,0363636363636364
"1202";"ßNES";0,4
"1203";"ßNES";0,111111111111111
"1204";"ßNES";0,321428571428571
"1205";"ßNES";0,119047619047619
"1206";"ßNES";0
"1207";"ßNES";0,25
"1208";"ßNES";0,2
"1209";"ßNES";0
"1210";"ßNES";0,0833333333333333
"1211";"ßNES";0
"1212";"ßNES";0,333333333333333
"1213";"ßNES";0,151260504201681
"1214";"ßNES";0,1
"1215";"ßNES";0,222222222222222
"1216";"ßNES";0,179487179487179
"1217";"ßNES";0,136363636363636
"1218";"ßNES";0,204545454545455
"1219";"ßNES";0,0641025641025641
"1220";"ßNES";0,126984126984127
"1221";"ßNES";0,0727272727272727
"1222";"ßNES";0,184615384615385
"1223";"ßNES";0,133333333333333
"1224";"ßNES";0,0952380952380952
"1225";"ßNES";0,0434782608695652
"1226";"ßNES";0,2
"1227";"ßNES";0,119047619047619
"1228";"ßNES";0,25
"1229";"ßNES";0,0833333333333333
"1230";"ßNES";0,272727272727273
"1231";"ßNES";0,333333333333333
"1232";"ßNES";0,119047619047619
"1233";"ßNES";0,333333333333333
"1234";"ßNES";0,0441176470588235
"1235";"ßNES";0,266666666666667
"1236";"ßNES";0,222222222222222
"1237";"ßNES";0
"1238";"ßNES";0,225563909774436
"1239";"ßNES";0,272727272727273
"1240";"ßNES";0,0476190476190476
"1241";"ßNES";0,0952380952380952
"1242";"ßNES";0,0636363636363636
"1243";"ßNES";0,15
"1244";"ßNES";0,225563909774436
"1245";"ßNES";0,15
"1246";"ßNES";0,179487179487179
"1247";"ßNES";0,294117647058824
"1248";"ßNES";0,294117647058824
"1249";"ßNES";0,0641025641025641
"1250";"ßNES";0,0888888888888889
"1251";"ßNES";0,0380952380952381
"1252";"ßNES";0,538461538461538
"1253";"ßNES";0,142857142857143
"1254";"ßNES";0,333333333333333
"1255";"ßNES";0,333333333333333
"1256";"ßNES";0,222222222222222
"1257";"ßNES";0,277777777777778
"1258";"ßNES";0,136363636363636
"1259";"ßNES";0,208333333333333
"1260";"ßNES";0,1
"1261";"ßNES";0,333333333333333
"1262";"ßNES";0,142857142857143
"1263";"ßNES";0,0409356725146199
"1264";"ßNES";0,0641025641025641
"1265";"ßNES";0,411764705882353
"1266";"ßNES";0
"1267";"ßNES";0,321428571428571
"1268";"ßNES";0,204545454545455
"1269";"ßNES";0,133333333333333
"1270";"ßNES";0,0714285714285714
"1271";"ßNES";0,166666666666667
"1272";"ßNES";0,166666666666667
"1273";"ßNES";0,428571428571429
"1274";"ßNES";0,166666666666667
"1275";"ßNES";0,0441176470588235
"1276";"ßNES";0,0384615384615385
"1277";"ßNES";0,411764705882353
"1278";"ßNES";0,0476190476190476
"1279";"ßNES";0,0952380952380952
"1280";"ßNES";0,538461538461538
"1281";"ßNES";0,2
"1282";"ßNES";0,333333333333333
"1283";"ßNES";0,0952380952380952
"1284";"ßNES";0,333333333333333
"1285";"ßNES";0,5
"1286";"ßNES";0,333333333333333
"1287";"ßNES";0,571428571428571
"1288";"ßNES";0,119047619047619
"1289";"ßNES";0,0694444444444444
"1290";"ßNES";0,204545454545455
"1291";"ßNES";0,119047619047619
"1292";"ßNES";0,119047619047619
"1293";"ßNES";0,222222222222222
"1294";"ßNES";0,277777777777778
"1295";"ßNES";0,0384615384615385
"1296";"ßNES";0,133333333333333
"1297";"ßNES";0
"1298";"ßNES";0,0363636363636364
"1299";"ßNES";0,0833333333333333
"1300";"ßNES";0,25
"1301";"ßNES";0,25
"1302";"ßNES";0,294117647058824
"1303";"ßNES";0
"1304";"ßNES";0,25
"1305";"ßNES";0,136363636363636
"1306";"ßNES";0,119047619047619
"1307";"ßNES";0,5
"1308";"ßNES";0,288461538461538
"1309";"ßNES";0,333333333333333
"1310";"ßNES";0,294117647058824
"1311";"ßNES";0,0467836257309941
"1312";"ßNES";0,166666666666667
"1313";"ßNES";0,538461538461538
"1314";"ßNES";0,0363636363636364
"1315";"ßNES";0,184615384615385
"1316";"ßNES";0
"1317";"ßNES";0,272727272727273
"1318";"ßNES";0,222222222222222
"1319";"ßNES";0,0380952380952381
"1320";"ßNES";0,0476190476190476
"1321";"ßNES";0,175
"1322";"ßNES";0,0384615384615385
"1323";"ßNES";0,184615384615385
"1324";"ßNES";0,0476190476190476
"1325";"ßNES";0,4
"1326";"ßNES";0,0333333333333333
"1327";"ßNES";0,333333333333333
"1328";"ßNES";0,333333333333333
"1329";"ßNES";0,303030303030303
"1330";"ßNES";0,0367647058823529
"1331";"ßNES";0,166666666666667
"1332";"ßNES";0,0380952380952381
"1333";"ßNES";0,179487179487179
"1334";"ßNES";0,294117647058824
"1335";"ßNES";0,179487179487179
"1336";"ßNES";0,0545454545454545
"1337";"ßNES";0,0514705882352941
"1338";"ßNES";0
"1339";"ßNES";0,0512820512820513
"1340";"ßNES";0,166666666666667
"1341";"ßNES";0,0434782608695652
"1342";"ßNES";0,285714285714286
"1343";"ßNES";0,184615384615385
"1344";"ßNES";0,111111111111111
"1345";"ßNES";0,0380952380952381
"1346";"ßNES";0,166666666666667
"1347";"ßNES";0,277777777777778
"1348";"ßNES";0,119047619047619
"1349";"ßNES";0,133333333333333
"1350";"ßNES";0,2
"1351";"ßNES";0,285714285714286
"1352";"ßNES";0,0694444444444444
"1353";"ßNES";0,133333333333333
"1354";"ßNES";0,375
"1355";"ßNES";0,0380952380952381
"1356";"ßNES";0,333333333333333
"1357";"ßNES";0,166666666666667
"1358";"ßNES";0,0476190476190476
"1359";"ßNES";0
"1360";"ßNES";0,333333333333333
"1361";"ßNES";0,454545454545455
"1362";"ßNES";0,138461538461538
"1363";"ßNES";0,166666666666667
"1364";"ßNES";0
"1365";"ßNES";0,125
"1366";"ßNES";0,119047619047619
"1367";"ßNES";0,0363636363636364
"1368";"ßNES";0,333333333333333
"1369";"ßNES";0,0467836257309941
"1370";"ßNES";0,0555555555555556
"1371";"ßNES";0,272727272727273
"1372";"ßNES";0
"1373";"ßNES";0,0545454545454545
"1374";"ßNES";0,0833333333333333
"1375";"ßNES";0,0636363636363636
"1376";"ßNES";0,25
"1377";"ßNES";0,4
"1378";"ßNES";0,358974358974359
"1379";"ßNES";0,0833333333333333
"1380";"ßNES";0,166666666666667
"1381";"ßNES";0,6
"1382";"ßNES";0,25
"1383";"ßNES";0,208333333333333
"1384";"ßNES";0,25
"1385";"ßNES";0,0363636363636364
"1386";"ßNES";0,208333333333333
"1387";"ßNES";0
"1388";"ßNES";0,0545454545454545
"1389";"ßNES";0,142857142857143
"1390";"ßNES";0,138461538461538
"1391";"ßNES";0,0545454545454545
"1392";"ßNES";0,119047619047619
"1393";"ßNES";0,0727272727272727
"1394";"ßNES";0,0694444444444444
"1395";"ßNES";0
"1396";"ßNES";0
"1397";"ßNES";0,454545454545455
"1398";"ßNES";0,0952380952380952
"1399";"ßNES";0,184615384615385
"1400";"ßNES";0,214285714285714
"1401";"ßNES";0,151260504201681
"1402";"ßNES";0,0769230769230769
"1403";"ßNES";0,0367647058823529
"1404";"ßNES";0,0892857142857143
"1405";"ßNES";0,0380952380952381
"1406";"ßNES";0,2
"1407";"ßNES";0,4
"1408";"ßNES";0,285714285714286
"1409";"ßNES";0,0441176470588235
"1410";"ßNES";0,0380952380952381
"1411";"ßNES";0,133333333333333
"1412";"ßNES";0,208333333333333
"1413";"ßNES";0,0694444444444444
"1414";"ßNES";0,15
"1415";"ßNES";0,571428571428571
"1416";"ßNES";0,208333333333333
"1417";"ßNES";0,0476190476190476
"1418";"ßNES";0,179487179487179
"1419";"ßNES";0
"1420";"ßNES";0,303030303030303
"1421";"ßNES";0,571428571428571
"1422";"ßNES";0,303030303030303
"1423";"ßNES";0,151260504201681
"1424";"ßNES";0,15
"1425";"ßNES";0,0727272727272727
"1426";"ßNES";0,0636363636363636
"1427";"ßNES";0,303030303030303
"1428";"ßNES";0,571428571428571
"1429";"ßNES";0,0514705882352941
"1430";"ßNES";0,126050420168067
"1431";"ßNES";0,0476190476190476
"1432";"ßNES";0,294117647058824
"1433";"ßNES";0,166666666666667
"1434";"ßNES";0,175
"1435";"ßNES";0,25
"1436";"ßNES";0,0512820512820513
"1437";"ßNES";0,0952380952380952
"1438";"ßNES";0,0555555555555556
"1439";"ßNES";0
"1440";"ßNES";0,0380952380952381
"1441";"ßNES";0,0380952380952381
"1442";"ßNES";0,25
"1443";"ßNES";0,222222222222222
"1444";"ßNES";0
"1445";"ßNES";0
"1446";"ßNES";0,454545454545455
"1447";"ßNES";0,208333333333333
"1448";"ßNES";0,126050420168067
"1449";"ßNES";0,2
"1450";"ßNES";0,384615384615385
"1451";"ßNES";0,285714285714286
"1452";"ßNES";0,0476190476190476
"1453";"ßNES";0,1
"1454";"ßNES";0,133333333333333
"1455";"ßNES";0
"1456";"ßNES";0,272727272727273
"1457";"ßNES";0,466666666666667
"1458";"ßNES";0,0512820512820513
"1459";"ßNES";0,1
"1460";"ßNES";0,285714285714286
"1461";"ßNES";0,25
"1462";"ßNES";0,25
"1463";"ßNES";0,358974358974359
"1464";"ßNES";0,294117647058824
"1465";"ßNES";0,15
"1466";"ßNES";0,0545454545454545
"1467";"ßNES";0,411764705882353
"1468";"ßNES";0,222222222222222
"1469";"ßNES";0,285714285714286
"1470";"ßNES";0,0476190476190476
"1471";"ßNES";0,0380952380952381
"1472";"ßNES";0,571428571428571
"1473";"ßNES";0,0833333333333333
"1474";"ßNES";0,0952380952380952
"1475";"ßNES";0
"1476";"ßNES";0,0350877192982456
"1477";"ßNES";0,111111111111111
"1478";"ßNES";0,133333333333333
"1479";"ßNES";0,333333333333333
"1480";"ßNES";0,0892857142857143
"1481";"ßNES";0,333333333333333
"1482";"ßNES";0,0888888888888889
"1483";"ßNES";0,0952380952380952
"1484";"ßNES";0,303030303030303
"1485";"ßNES";0,19047619047619
"1486";"ßNES";0,358974358974359
"1487";"ßNES";0,138157894736842
"1488";"ßNES";0,166666666666667
"1489";"ßNES";0,0380952380952381
"1490";"ßNES";0
"1491";"ßNES";0,136363636363636
"1492";"ßNES";0,333333333333333
"1493";"ßNES";0,428571428571429
"1494";"ßNES";0,0892857142857143
"1495";"ßNES";0,222222222222222
"1496";"ßNES";0,0555555555555556
"1497";"ßNES";0,538461538461538
"1498";"ßNES";0,2
"1499";"ßNES";0,179487179487179
"1500";"ßNES";0,272727272727273
"1501";"ßNES";0,0952380952380952
"1502";"ßNES";0,0363636363636364
"1503";"ßNES";0,266666666666667
"1504";"ßNES";0,321428571428571
"1505";"ßNES";0,15
"1506";"ßNES";0,466666666666667
"1507";"ßNES";0
"1508";"ßNES";0,138157894736842
"1509";"ßNES";0,1
"1510";"ßNES";0,333333333333333
"1511";"ßNES";0,222222222222222
"1512";"ßNES";0,0833333333333333
"1513";"ßNES";0,272727272727273
"1514";"ßNES";0
"1515";"ßNES";0,151260504201681
"1516";"ßNES";0,166666666666667
"1517";"ßNES";0,15
"1518";"ßNES";0,1
"1519";"ßNES";0,2
"1520";"ßNES";0,0952380952380952
"1521";"ßNES";0,6
"1522";"ßNES";0,466666666666667
"1523";"ßNES";0,166666666666667
"1524";"ßNES";0,0545454545454545
"1525";"ßNES";0,0512820512820513
"1526";"ßNES";0,0694444444444444
"1527";"ßNES";0,0545454545454545
"1528";"ßNES";0,333333333333333
"1529";"ßNES";0,294117647058824
"1530";"ßNES";0,1
"1531";"ßNES";0,333333333333333
"1532";"ßNES";0,0909090909090909
"1533";"ßNES";0,272727272727273
"1534";"ßNES";0,1
"1535";"ßNES";0,15
"1536";"ßNES";0,157894736842105
"1537";"ßNES";0,1
"1538";"ßNES";0,4
"1539";"ßNES";0,151260504201681
"1540";"ßNES";0,1
"1541";"ßNES";0,0409356725146199
"1542";"ßNES";0,225563909774436
"1543";"ßNES";0,222222222222222
"1544";"ßNES";0
"1545";"ßNES";0,0833333333333333
"1546";"ßNES";0,466666666666667
"1547";"ßNES";0,0952380952380952
"1548";"ßNES";0,133333333333333
"1549";"ßNES";0,6
"1550";"ßNES";0,0909090909090909
"1551";"ßNES";0,166666666666667
"1552";"ßNES";0,0363636363636364
"1553";"ßNES";0,571428571428571
"1554";"ßNES";0,375
"1555";"ßNES";0,19047619047619
"1556";"ßNES";0,175
"1557";"ßNES";0,6
"1558";"ßNES";0,375
"1559";"ßNES";0,208333333333333
"1560";"ßNES";0,428571428571429
"1561";"ßNES";0,333333333333333
"1562";"ßNES";0,119047619047619
"1563";"ßNES";0,225563909774436
"1564";"ßNES";0,333333333333333
"1565";"ßNES";0,0384615384615385
"1566";"ßNES";0,0952380952380952
"1567";"ßNES";0,266666666666667
"1568";"ßNES";0,126050420168067
"1569";"ßNES";0,111111111111111
"1570";"ßNES";0,184615384615385
"1571";"ßNES";0,428571428571429
"1572";"ßNES";0,157894736842105
"1573";"ßNES";0,222222222222222
"1574";"ßNES";0,19047619047619
"1575";"ßNES";0,245098039215686
"1576";"ßNES";0,208333333333333
"1577";"ßNES";0,0545454545454545
"1578";"ßNES";0,4
"1579";"ßNES";0,0972222222222222
"1580";"ßNES";0,25
"1581";"ßNES";0,126984126984127
"1582";"ßNES";0,375
"1583";"ßNES";0,2
"1584";"ßNES";0,0384615384615385
"1585";"ßNES";0,0363636363636364
"1586";"ßNES";0,133333333333333
"1587";"ßNES";0,266666666666667
"1588";"ßNES";0,0714285714285714
"1589";"ßNES";0
"1590";"ßNES";0,222222222222222
"1591";"ßNES";0,133333333333333
"1592";"ßNES";0,358974358974359
"1593";"ßNES";0,428571428571429
"1594";"ßNES";0,184615384615385
"1595";"ßNES";0
"1596";"ßNES";0,333333333333333
"1597";"ßNES";0,0888888888888889
"1598";"ßNES";0,208333333333333
"1599";"ßNES";0,166666666666667
"1600";"ßNES";0,133333333333333
"1601";"ßNES";0,333333333333333
"1602";"ßNES";0,0769230769230769
"1603";"ßNES";0,208333333333333
"1604";"ßNES";0,15
"1605";"ßNES";0,333333333333333
"1606";"ßNES";0
"1607";"ßNES";0,6
"1608";"ßNES";0,0952380952380952
"1609";"ßNES";0,266666666666667
"1610";"ßNES";0,0409356725146199
"1611";"ßNES";0,142857142857143
"1612";"ßNES";0,0380952380952381
"1613";"ßNES";0,0409356725146199
"1614";"ßNES";0,288461538461538
"1615";"ßNES";0,15
"1616";"ßNES";0,2
"1617";"ßNES";0,571428571428571
"1618";"ßNES";0,4
"1619";"ßNES";0,2
"1620";"ßNES";0,0512820512820513
"1621";"ßNES";0
"1622";"ßNES";0
"1623";"ßNES";0
"1624";"ßNES";0,375
"1625";"ßNES";0,5
"1626";"ßNES";0,126984126984127
"1627";"ßNES";0,0476190476190476
"1628";"ßNES";0,0476190476190476
"1629";"ßNES";0,119047619047619
"1630";"ßNES";0,25
"1631";"ßNES";0,358974358974359
"1632";"ßNES";0,222222222222222
"1633";"ßNES";0,0952380952380952
"1634";"ßNES";0,0833333333333333
"1635";"ßNES";0,208333333333333
"1636";"ßNES";0,538461538461538
"1637";"ßNES";0,266666666666667
"1638";"ßNES";0,0545454545454545
"1639";"ßNES";0,222222222222222
"1640";"ßNES";0,166666666666667
"1641";"ßNES";0,285714285714286
"1642";"ßNES";0
"1643";"ßNES";0,138461538461538
"1644";"ßNES";0,0714285714285714
"1645";"ßNES";0,222222222222222
"1646";"ßNES";0,15
"1647";"ßNES";0,0833333333333333
"1648";"ßNES";0,266666666666667
"1649";"ßNES";0,454545454545455
"1650";"ßNES";0,25
"1651";"ßNES";0,142857142857143
"1652";"ßNES";0
"1653";"ßNES";0,294117647058824
"1654";"ßNES";0,384615384615385
"1655";"ßNES";0,0380952380952381
"1656";"ßNES";0,0952380952380952
"1657";"ßNES";0,222222222222222
"1658";"ßNES";0,454545454545455
"1659";"ßNES";0,133333333333333
"1660";"ßNES";0,166666666666667
"1661";"ßNES";0,179487179487179
"1662";"ßNES";0,0641025641025641
"1663";"ßNES";0,571428571428571
"1664";"ßNES";0,333333333333333
"1665";"ßNES";0,6
"1666";"ßNES";0,454545454545455
"1667";"ßNES";0,136363636363636
"1668";"ßNES";0,333333333333333
"1669";"ßNES";0,133333333333333
"1670";"ßNES";0,333333333333333
"1671";"ßNES";0,0727272727272727
"1672";"ßNES";0,294117647058824
"1673";"ßNES";0,333333333333333
"1674";"ßNES";0,0892857142857143
"1675";"ßNES";0,0384615384615385
"1676";"ßNES";0,0384615384615385
"1677";"ßNES";0
"1678";"ßNES";0,184615384615385
"1679";"ßNES";0,321428571428571
"1680";"ßNES";0,2
"1681";"ßNES";0,0833333333333333
"1682";"ßNES";0,0714285714285714
"1683";"ßNES";0,166666666666667
"1684";"ßNES";0,0476190476190476
"1685";"ßNES";0,0363636363636364
"1686";"ßNES";0,100840336134454
"1687";"ßNES";0
"1688";"ßNES";0,0514705882352941
"1689";"ßNES";0,133333333333333
"1690";"ßNES";0,294117647058824
"1691";"ßNES";0,6
"1692";"ßNES";0,263157894736842
"1693";"ßNES";0,126984126984127
"1694";"ßNES";0,0727272727272727
"1695";"ßNES";0,138157894736842
"1696";"ßNES";0,0694444444444444
"1697";"ßNES";0,126984126984127
"1698";"ßNES";0,6
"1699";"ßNES";0,179487179487179
"1700";"ßNES";0,111111111111111
"1701";"ßNES";0,266666666666667
"1702";"ßNES";0,0694444444444444
"1703";"ßNES";0,138461538461538
"1704";"ßNES";0,222222222222222
"1705";"ßNES";0,208333333333333
"1706";"ßNES";0,0384615384615385
"1707";"ßNES";0
"1708";"ßNES";0,151260504201681
"1709";"ßNES";0,119047619047619
"1710";"ßNES";0,15
"1711";"ßNES";0,454545454545455
"1712";"ßNES";0,0545454545454545
"1713";"ßNES";0,222222222222222
"1714";"ßNES";0,0714285714285714
"1715";"ßNES";0,0380952380952381
"1716";"ßNES";0
"1717";"ßNES";0,25
"1718";"ßNES";0,5
"1719";"ßNES";0,138157894736842
"1720";"ßNES";0,208333333333333
"1721";"ßNES";0,0571428571428571
"1722";"ßNES";0,333333333333333
"1723";"ßNES";0
"1724";"ßNES";0,25
"1725";"ßNES";0,25
"1726";"ßNES";0,466666666666667
"1727";"ßNES";0,166666666666667
"1728";"ßNES";0,333333333333333
"1729";"ßNES";0,175
"1730";"ßNES";0,285714285714286
"1731";"ßNES";0,25
"1732";"ßNES";0,266666666666667
"1733";"ßNES";0,0555555555555556
"1734";"ßNES";0,321428571428571
"1735";"ßNES";0,111111111111111
"1736";"ßNES";0,222222222222222
"1737";"ßNES";0,538461538461538
"1738";"ßNES";0,454545454545455
"1739";"ßNES";0,277777777777778
"1740";"ßNES";0,151260504201681
"1741";"ßNES";0,571428571428571
"1742";"ßNES";0,119047619047619
"1743";"ßNES";0,166666666666667
"1744";"ßNES";0,0441176470588235
"1745";"ßNES";0
"1746";"ßNES";0,138461538461538
"1747";"ßNES";0,466666666666667
"1748";"ßNES";0,0512820512820513
"1749";"ßNES";0
"1750";"ßNES";0,333333333333333
"1751";"ßNES";0,4
"1752";"ßNES";0,142857142857143
"1753";"ßNES";0,05
"1754";"ßNES";0,0476190476190476
"1755";"ßNES";0,6
"1756";"ßNES";0
"1757";"ßNES";0,222222222222222
"1758";"ßNES";0,166666666666667
"1759";"ßNES";0,126050420168067
"1760";"ßNES";0,0434782608695652
"1761";"ßNES";0,0363636363636364
"1762";"ßNES";0,0892857142857143
"1763";"ßNES";0,126050420168067
"1764";"ßNES";0,0952380952380952
"1765";"ßNES";0,142857142857143
"1766";"ßNES";0,0380952380952381
"1767";"ßNES";0,0380952380952381
"1768";"ßNES";0,133333333333333
"1769";"ßNES";0,0833333333333333
"1770";"ßNES";0,0441176470588235
"1771";"ßNES";0,321428571428571
"1772";"ßNES";0,333333333333333
"1773";"ßNES";0,184615384615385
"1774";"ßNES";0,4
"1775";"ßNES";0,0694444444444444
"1776";"ßNES";0,0641025641025641
"1777";"ßNES";0,0727272727272727
"1778";"ßNES";0,0512820512820513
"1779";"ßNES";0,19047619047619
"1780";"ßNES";0,15
"1781";"ßNES";0,266666666666667
"1782";"ßNES";0,208333333333333
"1783";"ßNES";0,175
"1784";"ßNES";0,0952380952380952
"1785";"ßNES";0,184615384615385
"1786";"ßNES";0,6
"1787";"ßNES";0,184615384615385
"1788";"ßNES";0,0476190476190476
"1789";"ßNES";0,454545454545455
"1790";"ßNES";0,0952380952380952
"1791";"ßNES";0,184615384615385
"1792";"ßNES";0,0571428571428571
"1793";"ßNES";0,222222222222222
"1794";"ßNES";0,0512820512820513
"1795";"ßNES";0
"1796";"ßNES";0,428571428571429
"1797";"ßNES";0,222222222222222
"1798";"ßNES";0,157894736842105
"1799";"ßNES";0,0363636363636364
"1800";"ßNES";0,25
"1801";"ßNES";0,303030303030303
"1802";"ßNES";0,125
"1803";"ßNES";0,288461538461538
"1804";"ßNES";0,303030303030303
"1805";"ßNES";0,5
"1806";"ßNES";0,0363636363636364
"1807";"ßNES";0,266666666666667
"1808";"ßNES";0,15
"1809";"ßNES";0,0694444444444444
"1810";"ßNES";0,166666666666667
"1811";"ßNES";0,0714285714285714
"1812";"ßNES";0,285714285714286
"1813";"ßNES";0,15
"1814";"ßNES";0,375
"1815";"ßNES";0,225563909774436
"1816";"ßNES";0,0545454545454545
"1817";"ßNES";0,0476190476190476
"1818";"ßNES";0,125
"1819";"ßNES";0,0384615384615385
"1820";"ßNES";0,538461538461538
"1821";"ßNES";0,358974358974359
"1822";"ßNES";0,428571428571429
"1823";"ßNES";0,0952380952380952
"1824";"ßNES";0,0833333333333333
"1825";"ßNES";0
"1826";"ßNES";0,1
"1827";"ßNES";0,0545454545454545
"1828";"ßNES";0,0833333333333333
"1829";"ßNES";0,151260504201681
"1830";"ßNES";0,5
"1831";"ßNES";0,0641025641025641
"1832";"ßNES";0,222222222222222
"1833";"ßNES";0,175
"1834";"ßNES";0,303030303030303
"1835";"ßNES";0,151260504201681
"1836";"ßNES";0,0833333333333333
"1837";"ßNES";0,0641025641025641
"1838";"ßNES";0,303030303030303
"1839";"ßNES";0,0476190476190476
"1840";"ßNES";0,0512820512820513
"1841";"ßNES";0,225563909774436
"1842";"ßNES";0,5
"1843";"ßNES";0,0380952380952381
"1844";"ßNES";0,0512820512820513
"1845";"ßNES";0,0545454545454545
"1846";"ßNES";0,0409356725146199
"1847";"ßNES";0,1
"1848";"ßNES";0,119047619047619
"1849";"ßNES";0,119047619047619
"1850";"ßNES";0,266666666666667
"1851";"ßNES";0,166666666666667
"1852";"ßNES";0
"1853";"ßNES";0,375
"1854";"ßNES";0,333333333333333
"1855";"ßNES";0,15
"1856";"ßNES";0,0545454545454545
"1857";"ßNES";0,0380952380952381
"1858";"ßNES";0,111111111111111
"1859";"ßNES";0,126050420168067
"1860";"ßNES";0,0545454545454545
"1861";"ßNES";0,1
"1862";"ßNES";0
"1863";"ßNES";0,0555555555555556
"1864";"ßNES";0,175
"1865";"ßNES";0,142857142857143
"1866";"ßNES";0,138461538461538
"1867";"ßNES";0,6
"1868";"ßNES";0,333333333333333
"1869";"ßNES";0,25
"1870";"ßNES";0,0892857142857143
"1871";"ßNES";0
"1872";"ßNES";0,454545454545455
"1873";"ßNES";0,0476190476190476
"1874";"ßNES";0,0555555555555556
"1875";"ßNES";0,0952380952380952
"1876";"ßNES";0,222222222222222
"1877";"ßNES";0,333333333333333
"1878";"ßNES";0,0476190476190476
"1879";"ßNES";0,0384615384615385
"1880";"ßNES";0,133333333333333
"1881";"ßNES";0,428571428571429
"1882";"ßNES";0,0555555555555556
"1883";"ßNES";0,184615384615385
"1884";"ßNES";0,111111111111111
"1885";"ßNES";0,222222222222222
"1886";"ßNES";0,266666666666667
"1887";"ßNES";0,222222222222222
"1888";"ßNES";0,0333333333333333
"1889";"ßNES";0,2
"1890";"ßNES";0,19047619047619
"1891";"ßNES";0,166666666666667
"1892";"ßNES";0,266666666666667
"1893";"ßNES";0,142857142857143
"1894";"ßNES";0,0380952380952381
"1895";"ßNES";0
"1896";"ßNES";0,0384615384615385
"1897";"ßNES";0,0769230769230769
"1898";"ßNES";0,157894736842105
"1899";"ßNES";0
"1900";"ßNES";0,126984126984127
"1901";"ßNES";0,411764705882353
"1902";"ßNES";0,208333333333333
"1903";"ßNES";0,0512820512820513
"1904";"ßNES";0,263157894736842
"1905";"ßNES";0,222222222222222
"1906";"ßNES";0,184615384615385
"1907";"ßNES";0,0636363636363636
"1908";"ßNES";0,288461538461538
"1909";"ßNES";0,294117647058824
"1910";"ßNES";0,0833333333333333
"1911";"ßNES";0,119047619047619
"1912";"ßNES";0,107142857142857
"1913";"ßNES";0,222222222222222
"1914";"ßNES";0,166666666666667
"1915";"ßNES";0,138157894736842
"1916";"ßNES";0,0952380952380952
"1917";"ßNES";0,285714285714286
"1918";"ßNES";0,119047619047619
"1919";"ßNES";0,466666666666667
"1920";"ßNES";0,428571428571429
"1921";"ßNES";0,0512820512820513
"1922";"ßNES";0,222222222222222
"1923";"ßNES";0
"1924";"ßNES";0,136363636363636
"1925";"ßNES";0,303030303030303
"1926";"ßNES";0,0363636363636364
"1927";"ßNES";0,1
"1928";"ßNES";0,321428571428571
"1929";"ßNES";0,166666666666667
"1930";"ßNES";0,0512820512820513
"1931";"ßNES";0,119047619047619
"1932";"ßNES";0,214285714285714
"1933";"ßNES";0,2
"1934";"ßNES";0,133333333333333
"1935";"ßNES";0,333333333333333
"1936";"ßNES";0,222222222222222
"1937";"ßNES";0
"1938";"ßNES";0,151260504201681
"1939";"ßNES";0,294117647058824
"1940";"ßNES";0,15
"1941";"ßNES";0,0545454545454545
"1942";"ßNES";0,0380952380952381
"1943";"ßNES";0,0363636363636364
"1944";"ßNES";0
"1945";"ßNES";0,0545454545454545
"1946";"ßNES";0,428571428571429
"1947";"ßNES";0,0512820512820513
"1948";"ßNES";0,285714285714286
"1949";"ßNES";0,333333333333333
"1950";"ßNES";0,166666666666667
"1951";"ßNES";0,321428571428571
"1952";"ßNES";0,2
"1953";"ßNES";0,6
"1954";"ßNES";0,19047619047619
"1955";"ßNES";0,208333333333333
"1956";"ßNES";0,2
"1957";"ßNES";0,0467836257309941
"1958";"ßNES";0,0555555555555556
"1959";"ßNES";0,454545454545455
"1960";"ßNES";0,0769230769230769
"1961";"ßNES";0,222222222222222
"1962";"ßNES";0,0727272727272727
"1963";"ßNES";0,208333333333333
"1964";"ßNES";0,571428571428571
"1965";"ßNES";0,333333333333333
"1966";"ßNES";0,126050420168067
"1967";"ßNES";0,25
"1968";"ßNES";0
"1969";"ßNES";0,428571428571429
"1970";"ßNES";0,538461538461538
"1971";"ßNES";0,133333333333333
"1972";"ßNES";0,0909090909090909
"1973";"ßNES";0,25
"1974";"ßNES";0,204545454545455
"1975";"ßNES";0,126050420168067
"1976";"ßNES";0,0694444444444444
"1977";"ßNES";0,136363636363636
"1978";"ßNES";0,2
"1979";"ßNES";0,0555555555555556
"1980";"ßNES";0,0545454545454545
"1981";"ßNES";0,0555555555555556
"1982";"ßNES";0,0350877192982456
"1983";"ßNES";0,5
"1984";"ßNES";0,133333333333333
"1985";"ßNES";0,375
"1986";"ßNES";0,0952380952380952
"1987";"ßNES";0,111111111111111
"1988";"ßNES";0,5
"1989";"ßNES";0,133333333333333
"1990";"ßNES";0,133333333333333
"1991";"ßNES";0
"1992";"ßNES";0,222222222222222
"1993";"ßNES";0,294117647058824
"1994";"ßNES";0,204545454545455
"1995";"ßNES";0,333333333333333
"1996";"ßNES";0,214285714285714
"1997";"ßNES";0,25
"1998";"ßNES";0,0476190476190476
"1999";"ßNES";0,0409356725146199
"2000";"ßNES";0,6
